timeStamp,elapsed,label,responseCode,responseMessage,threadName,dataType,success,failureMessage,bytes,sentBytes,grpThreads,allThreads,URL,Latency,IdleTime,Connect
1568170733215,100,DisplayLocation,500,Internal Server Error,Thread-Gruppe 1-1,,false,,132,0,1,1,https://stage.timhortonstapp.com/svc/service/location/lookregion/code/100250?_l=en,100,0,0
1568170735081,97,setBudgesTHStage,400,Bad Request,Thread-Gruppe 1-1,text,false,,500,0,1,1,https://stage.timhortonstapp.com/svc/service/user/1230369/badge/1305?_d=1&_l=en&_u=1518148,97,0,0
1568170735793,97,DisplayLocation,500,Internal Server Error,Thread-Gruppe 1-1,,false,,132,0,1,1,https://stage.timhortonstapp.com/svc/service/location/lookregion/code/100250?_l=en,97,0,0
1568170738584,114,DisplayLocation,500,Internal Server Error,Thread-Gruppe 1-1,,false,,132,0,1,1,https://stage.timhortonstapp.com/svc/service/location/lookregion/code/100250?_l=en,114,0,0
1568170741936,112,DisplayLocation,500,Internal Server Error,Thread-Gruppe 1-1,,false,,132,0,1,1,https://stage.timhortonstapp.com/svc/service/location/lookregion/code/100250?_l=en,112,0,0
1568170744795,105,DisplayLocation,500,Internal Server Error,Thread-Gruppe 1-1,,false,,132,0,1,1,https://stage.timhortonstapp.com/svc/service/location/lookregion/code/100250?_l=en,105,0,0
1568170747565,107,DisplayLocation,500,Internal Server Error,Thread-Gruppe 1-1,,false,,132,0,1,1,https://stage.timhortonstapp.com/svc/service/location/lookregion/code/100250?_l=en,107,0,0
1568170750309,128,DisplayLocation,500,Internal Server Error,Thread-Gruppe 1-1,,false,,132,0,1,1,https://stage.timhortonstapp.com/svc/service/location/lookregion/code/100250?_l=en,128,0,0
1568170753084,118,DisplayLocation,500,Internal Server Error,Thread-Gruppe 1-1,,false,,132,0,1,1,https://stage.timhortonstapp.com/svc/service/location/lookregion/code/100250?_l=en,118,0,0
1568170755885,98,DisplayLocation,500,Internal Server Error,Thread-Gruppe 1-1,,false,,132,0,1,1,https://stage.timhortonstapp.com/svc/service/location/lookregion/code/100250?_l=en,98,0,0
1568170758785,139,DisplayLocation,500,Internal Server Error,Thread-Gruppe 1-1,,false,,132,0,1,1,https://stage.timhortonstapp.com/svc/service/location/lookregion/code/100250?_l=en,139,0,0
1568170762128,114,DisplayLocation,500,Internal Server Error,Thread-Gruppe 1-1,,false,,132,0,1,1,https://stage.timhortonstapp.com/svc/service/location/lookregion/code/100250?_l=en,114,0,0
1568170764928,92,DisplayLocation,500,Internal Server Error,Thread-Gruppe 1-1,,false,,132,0,1,1,https://stage.timhortonstapp.com/svc/service/location/lookregion/code/100250?_l=en,92,0,0
1568170767562,119,DisplayLocation,500,Internal Server Error,Thread-Gruppe 1-1,,false,,132,0,1,1,https://stage.timhortonstapp.com/svc/service/location/lookregion/code/100250?_l=en,119,0,0
1568170770353,105,DisplayLocation,500,Internal Server Error,Thread-Gruppe 1-1,,false,,132,0,1,1,https://stage.timhortonstapp.com/svc/service/location/lookregion/code/100250?_l=en,105,0,0
1568170773064,97,DisplayLocation,500,Internal Server Error,Thread-Gruppe 1-1,,false,,132,0,1,1,https://stage.timhortonstapp.com/svc/service/location/lookregion/code/100250?_l=en,97,0,0
1568170775917,138,DisplayLocation,500,Internal Server Error,Thread-Gruppe 1-1,,false,,132,0,1,1,https://stage.timhortonstapp.com/svc/service/location/lookregion/code/100250?_l=en,138,0,0
1568170778796,105,DisplayLocation,500,Internal Server Error,Thread-Gruppe 1-1,,false,,132,0,1,1,https://stage.timhortonstapp.com/svc/service/location/lookregion/code/100250?_l=en,105,0,0
1568170781661,107,DisplayLocation,500,Internal Server Error,Thread-Gruppe 1-1,,false,,132,0,1,1,https://stage.timhortonstapp.com/svc/service/location/lookregion/code/100250?_l=en,107,0,0
1568170784355,98,DisplayLocation,500,Internal Server Error,Thread-Gruppe 1-1,,false,,132,0,1,1,https://stage.timhortonstapp.com/svc/service/location/lookregion/code/100250?_l=en,98,0,0
1568170787053,106,DisplayLocation,500,Internal Server Error,Thread-Gruppe 1-1,,false,,132,0,1,1,https://stage.timhortonstapp.com/svc/service/location/lookregion/code/100250?_l=en,106,0,0
1568170791082,107,DisplayLocation,500,Internal Server Error,Thread-Gruppe 1-1,,false,,132,0,1,1,https://stage.timhortonstapp.com/svc/service/location/lookregion/code/100250?_l=en,107,0,0
1568170793853,102,DisplayLocation,500,Internal Server Error,Thread-Gruppe 1-1,,false,,132,0,1,1,https://stage.timhortonstapp.com/svc/service/location/lookregion/code/100250?_l=en,102,0,0
1568170796663,96,DisplayLocation,500,Internal Server Error,Thread-Gruppe 1-1,,false,,132,0,1,1,https://stage.timhortonstapp.com/svc/service/location/lookregion/code/100250?_l=en,96,0,0
1568170799350,102,DisplayLocation,500,Internal Server Error,Thread-Gruppe 1-1,,false,,132,0,1,1,https://stage.timhortonstapp.com/svc/service/location/lookregion/code/100250?_l=en,102,0,0
1568170802330,108,DisplayLocation,500,Internal Server Error,Thread-Gruppe 1-1,,false,,132,0,1,1,https://stage.timhortonstapp.com/svc/service/location/lookregion/code/100250?_l=en,108,0,0
1568170805280,110,DisplayLocation,500,Internal Server Error,Thread-Gruppe 1-1,,false,,132,0,1,1,https://stage.timhortonstapp.com/svc/service/location/lookregion/code/100250?_l=en,110,0,0
1568170808036,119,DisplayLocation,500,Internal Server Error,Thread-Gruppe 1-1,,false,,132,0,1,1,https://stage.timhortonstapp.com/svc/service/location/lookregion/code/100250?_l=en,119,0,0
1568170810772,101,DisplayLocation,500,Internal Server Error,Thread-Gruppe 1-1,,false,,132,0,1,1,https://stage.timhortonstapp.com/svc/service/location/lookregion/code/100250?_l=en,101,0,0
1568170813753,109,DisplayLocation,500,Internal Server Error,Thread-Gruppe 1-1,,false,,132,0,1,1,https://stage.timhortonstapp.com/svc/service/location/lookregion/code/100250?_l=en,109,0,0
1568170816973,120,DisplayLocation,500,Internal Server Error,Thread-Gruppe 1-1,,false,,132,0,1,1,https://stage.timhortonstapp.com/svc/service/location/lookregion/code/100250?_l=en,120,0,0
1568170819854,112,DisplayLocation,500,Internal Server Error,Thread-Gruppe 1-1,,false,,132,0,1,1,https://stage.timhortonstapp.com/svc/service/location/lookregion/code/100250?_l=en,112,0,0
1568170822795,103,DisplayLocation,500,Internal Server Error,Thread-Gruppe 1-1,,false,,132,0,1,1,https://stage.timhortonstapp.com/svc/service/location/lookregion/code/100250?_l=en,103,0,0
1568170825565,115,DisplayLocation,500,Internal Server Error,Thread-Gruppe 1-1,,false,,132,0,1,1,https://stage.timhortonstapp.com/svc/service/location/lookregion/code/100250?_l=en,115,0,0
1568170828629,104,DisplayLocation,500,Internal Server Error,Thread-Gruppe 1-1,,false,,132,0,1,1,https://stage.timhortonstapp.com/svc/service/location/lookregion/code/100250?_l=en,104,0,0
1568170831522,105,DisplayLocation,500,Internal Server Error,Thread-Gruppe 1-1,,false,,132,0,1,1,https://stage.timhortonstapp.com/svc/service/location/lookregion/code/100250?_l=en,105,0,0
1568170834483,103,DisplayLocation,500,Internal Server Error,Thread-Gruppe 1-1,,false,,132,0,1,1,https://stage.timhortonstapp.com/svc/service/location/lookregion/code/100250?_l=en,103,0,0
1568170837196,126,DisplayLocation,500,Internal Server Error,Thread-Gruppe 1-1,,false,,132,0,1,1,https://stage.timhortonstapp.com/svc/service/location/lookregion/code/100250?_l=en,126,0,0
1568170840188,107,DisplayLocation,500,Internal Server Error,Thread-Gruppe 1-1,,false,,132,0,1,1,https://stage.timhortonstapp.com/svc/service/location/lookregion/code/100250?_l=en,107,0,0
1568170842971,107,DisplayLocation,500,Internal Server Error,Thread-Gruppe 1-1,,false,,132,0,1,1,https://stage.timhortonstapp.com/svc/service/location/lookregion/code/100250?_l=en,107,0,0
1568170845579,106,DisplayLocation,500,Internal Server Error,Thread-Gruppe 1-1,,false,,132,0,1,1,https://stage.timhortonstapp.com/svc/service/location/lookregion/code/100250?_l=en,106,0,0
1568170848415,118,DisplayLocation,500,Internal Server Error,Thread-Gruppe 1-1,,false,,132,0,1,1,https://stage.timhortonstapp.com/svc/service/location/lookregion/code/100250?_l=en,118,0,0
1568170851267,100,DisplayLocation,500,Internal Server Error,Thread-Gruppe 1-1,,false,,132,0,1,1,https://stage.timhortonstapp.com/svc/service/location/lookregion/code/100250?_l=en,100,0,0
1568170854079,108,DisplayLocation,500,Internal Server Error,Thread-Gruppe 1-1,,false,,132,0,1,1,https://stage.timhortonstapp.com/svc/service/location/lookregion/code/100250?_l=en,108,0,0
1568170856805,113,DisplayLocation,500,Internal Server Error,Thread-Gruppe 1-1,,false,,132,0,1,1,https://stage.timhortonstapp.com/svc/service/location/lookregion/code/100250?_l=en,113,0,0
1568170859543,99,DisplayLocation,500,Internal Server Error,Thread-Gruppe 1-1,,false,,132,0,1,1,https://stage.timhortonstapp.com/svc/service/location/lookregion/code/100250?_l=en,99,0,0
1568170862194,118,DisplayLocation,500,Internal Server Error,Thread-Gruppe 1-1,,false,,132,0,1,1,https://stage.timhortonstapp.com/svc/service/location/lookregion/code/100250?_l=en,118,0,0
1568170864979,119,DisplayLocation,500,Internal Server Error,Thread-Gruppe 1-1,,false,,132,0,1,1,https://stage.timhortonstapp.com/svc/service/location/lookregion/code/100250?_l=en,119,0,0
1568170867661,109,DisplayLocation,500,Internal Server Error,Thread-Gruppe 1-1,,false,,132,0,1,1,https://stage.timhortonstapp.com/svc/service/location/lookregion/code/100250?_l=en,109,0,0
1568170870386,114,DisplayLocation,500,Internal Server Error,Thread-Gruppe 1-1,,false,,132,0,1,1,https://stage.timhortonstapp.com/svc/service/location/lookregion/code/100250?_l=en,114,0,0
1568170873189,106,DisplayLocation,500,Internal Server Error,Thread-Gruppe 1-1,,false,,132,0,1,1,https://stage.timhortonstapp.com/svc/service/location/lookregion/code/100250?_l=en,106,0,0
1568170875790,98,DisplayLocation,500,Internal Server Error,Thread-Gruppe 1-1,,false,,132,0,1,1,https://stage.timhortonstapp.com/svc/service/location/lookregion/code/100250?_l=en,98,0,0
1568170878514,126,DisplayLocation,500,Internal Server Error,Thread-Gruppe 1-1,,false,,132,0,1,1,https://stage.timhortonstapp.com/svc/service/location/lookregion/code/100250?_l=en,126,0,0
1568170881254,100,DisplayLocation,500,Internal Server Error,Thread-Gruppe 1-1,,false,,132,0,1,1,https://stage.timhortonstapp.com/svc/service/location/lookregion/code/100250?_l=en,100,0,0
1568170884011,99,DisplayLocation,500,Internal Server Error,Thread-Gruppe 1-1,,false,,132,0,1,1,https://stage.timhortonstapp.com/svc/service/location/lookregion/code/100250?_l=en,99,0,0
1568170886797,95,DisplayLocation,500,Internal Server Error,Thread-Gruppe 1-1,,false,,132,0,1,1,https://stage.timhortonstapp.com/svc/service/location/lookregion/code/100250?_l=en,95,0,0
1568170889469,109,DisplayLocation,500,Internal Server Error,Thread-Gruppe 1-1,,false,,132,0,1,1,https://stage.timhortonstapp.com/svc/service/location/lookregion/code/100250?_l=en,109,0,0
1568170892127,106,DisplayLocation,500,Internal Server Error,Thread-Gruppe 1-1,,false,,132,0,1,1,https://stage.timhortonstapp.com/svc/service/location/lookregion/code/100250?_l=en,106,0,0
1568170894939,97,DisplayLocation,500,Internal Server Error,Thread-Gruppe 1-1,,false,,132,0,1,1,https://stage.timhortonstapp.com/svc/service/location/lookregion/code/100250?_l=en,97,0,0
1568170897653,115,DisplayLocation,500,Internal Server Error,Thread-Gruppe 1-1,,false,,132,0,1,1,https://stage.timhortonstapp.com/svc/service/location/lookregion/code/100250?_l=en,115,0,0
1568170900474,110,DisplayLocation,500,Internal Server Error,Thread-Gruppe 1-1,,false,,132,0,1,1,https://stage.timhortonstapp.com/svc/service/location/lookregion/code/100250?_l=en,110,0,0
1568170903288,92,DisplayLocation,500,Internal Server Error,Thread-Gruppe 1-1,,false,,132,0,1,1,https://stage.timhortonstapp.com/svc/service/location/lookregion/code/100250?_l=en,92,0,0
1568170905969,102,DisplayLocation,500,Internal Server Error,Thread-Gruppe 1-1,,false,,132,0,1,1,https://stage.timhortonstapp.com/svc/service/location/lookregion/code/100250?_l=en,102,0,0
1568170908644,114,DisplayLocation,500,Internal Server Error,Thread-Gruppe 1-1,,false,,132,0,1,1,https://stage.timhortonstapp.com/svc/service/location/lookregion/code/100250?_l=en,114,0,0
1568170911467,110,DisplayLocation,500,Internal Server Error,Thread-Gruppe 1-1,,false,,132,0,1,1,https://stage.timhortonstapp.com/svc/service/location/lookregion/code/100250?_l=en,110,0,0
1568170914296,106,DisplayLocation,500,Internal Server Error,Thread-Gruppe 1-1,,false,,132,0,1,1,https://stage.timhortonstapp.com/svc/service/location/lookregion/code/100250?_l=en,106,0,0
1568170917045,95,DisplayLocation,500,Internal Server Error,Thread-Gruppe 1-1,,false,,132,0,1,1,https://stage.timhortonstapp.com/svc/service/location/lookregion/code/100250?_l=en,95,0,0
1568170919730,100,DisplayLocation,500,Internal Server Error,Thread-Gruppe 1-1,,false,,132,0,1,1,https://stage.timhortonstapp.com/svc/service/location/lookregion/code/100250?_l=en,100,0,0
1568170922439,109,DisplayLocation,500,Internal Server Error,Thread-Gruppe 1-1,,false,,132,0,1,1,https://stage.timhortonstapp.com/svc/service/location/lookregion/code/100250?_l=en,109,0,0
1568170925259,121,DisplayLocation,500,Internal Server Error,Thread-Gruppe 1-1,,false,,132,0,1,1,https://stage.timhortonstapp.com/svc/service/location/lookregion/code/100250?_l=en,121,0,0
1568170928071,109,DisplayLocation,500,Internal Server Error,Thread-Gruppe 1-1,,false,,132,0,1,1,https://stage.timhortonstapp.com/svc/service/location/lookregion/code/100250?_l=en,109,0,0
1568170931027,105,DisplayLocation,500,Internal Server Error,Thread-Gruppe 1-1,,false,,132,0,1,1,https://stage.timhortonstapp.com/svc/service/location/lookregion/code/100250?_l=en,105,0,0
1568170933664,115,DisplayLocation,500,Internal Server Error,Thread-Gruppe 1-1,,false,,132,0,1,1,https://stage.timhortonstapp.com/svc/service/location/lookregion/code/100250?_l=en,115,0,0
1568170936389,97,DisplayLocation,500,Internal Server Error,Thread-Gruppe 1-1,,false,,132,0,1,1,https://stage.timhortonstapp.com/svc/service/location/lookregion/code/100250?_l=en,97,0,0
1568170938305,95,setBudgesTHStage,400,Bad Request,Thread-Gruppe 1-1,text,false,,500,0,1,1,https://stage.timhortonstapp.com/svc/service/user/1437911/badge/1305?_d=1&_l=en&_u=1518148,95,0,0
1568170938966,94,DisplayLocation,500,Internal Server Error,Thread-Gruppe 1-1,,false,,132,0,1,1,https://stage.timhortonstapp.com/svc/service/location/lookregion/code/100250?_l=en,94,0,0
1568170941611,98,DisplayLocation,500,Internal Server Error,Thread-Gruppe 1-1,,false,,132,0,1,1,https://stage.timhortonstapp.com/svc/service/location/lookregion/code/100250?_l=en,98,0,0
1568170944213,113,DisplayLocation,500,Internal Server Error,Thread-Gruppe 1-1,,false,,132,0,1,1,https://stage.timhortonstapp.com/svc/service/location/lookregion/code/100250?_l=en,113,0,0
1568170946863,94,DisplayLocation,500,Internal Server Error,Thread-Gruppe 1-1,,false,,132,0,1,1,https://stage.timhortonstapp.com/svc/service/location/lookregion/code/100250?_l=en,94,0,0
1568170949515,100,DisplayLocation,500,Internal Server Error,Thread-Gruppe 1-1,,false,,132,0,1,1,https://stage.timhortonstapp.com/svc/service/location/lookregion/code/100250?_l=en,100,0,0
1568170952192,97,DisplayLocation,500,Internal Server Error,Thread-Gruppe 1-1,,false,,132,0,1,1,https://stage.timhortonstapp.com/svc/service/location/lookregion/code/100250?_l=en,97,0,0
1568170954831,116,DisplayLocation,500,Internal Server Error,Thread-Gruppe 1-1,,false,,132,0,1,1,https://stage.timhortonstapp.com/svc/service/location/lookregion/code/100250?_l=en,116,0,0
1568170957594,98,DisplayLocation,500,Internal Server Error,Thread-Gruppe 1-1,,false,,132,0,1,1,https://stage.timhortonstapp.com/svc/service/location/lookregion/code/100250?_l=en,98,0,0
1568170960276,96,DisplayLocation,500,Internal Server Error,Thread-Gruppe 1-1,,false,,132,0,1,1,https://stage.timhortonstapp.com/svc/service/location/lookregion/code/100250?_l=en,96,0,0
1568170963013,119,DisplayLocation,500,Internal Server Error,Thread-Gruppe 1-1,,false,,132,0,1,1,https://stage.timhortonstapp.com/svc/service/location/lookregion/code/100250?_l=en,119,0,0
1568170965773,120,DisplayLocation,500,Internal Server Error,Thread-Gruppe 1-1,,false,,132,0,1,1,https://stage.timhortonstapp.com/svc/service/location/lookregion/code/100250?_l=en,120,0,0
1568170968492,112,DisplayLocation,500,Internal Server Error,Thread-Gruppe 1-1,,false,,132,0,1,1,https://stage.timhortonstapp.com/svc/service/location/lookregion/code/100250?_l=en,112,0,0
1568170971189,105,DisplayLocation,500,Internal Server Error,Thread-Gruppe 1-1,,false,,132,0,1,1,https://stage.timhortonstapp.com/svc/service/location/lookregion/code/100250?_l=en,105,0,0
1568170973855,110,DisplayLocation,500,Internal Server Error,Thread-Gruppe 1-1,,false,,132,0,1,1,https://stage.timhortonstapp.com/svc/service/location/lookregion/code/100250?_l=en,110,0,0
1568170976518,102,DisplayLocation,500,Internal Server Error,Thread-Gruppe 1-1,,false,,132,0,1,1,https://stage.timhortonstapp.com/svc/service/location/lookregion/code/100250?_l=en,102,0,0
1568170979280,107,DisplayLocation,500,Internal Server Error,Thread-Gruppe 1-1,,false,,132,0,1,1,https://stage.timhortonstapp.com/svc/service/location/lookregion/code/100250?_l=en,107,0,0
1568170981890,97,DisplayLocation,500,Internal Server Error,Thread-Gruppe 1-1,,false,,132,0,1,1,https://stage.timhortonstapp.com/svc/service/location/lookregion/code/100250?_l=en,97,0,0
1568170984642,100,DisplayLocation,500,Internal Server Error,Thread-Gruppe 1-1,,false,,132,0,1,1,https://stage.timhortonstapp.com/svc/service/location/lookregion/code/100250?_l=en,100,0,0
1568170987456,97,DisplayLocation,500,Internal Server Error,Thread-Gruppe 1-1,,false,,132,0,1,1,https://stage.timhortonstapp.com/svc/service/location/lookregion/code/100250?_l=en,97,0,0
1568170990124,105,DisplayLocation,500,Internal Server Error,Thread-Gruppe 1-1,,false,,132,0,1,1,https://stage.timhortonstapp.com/svc/service/location/lookregion/code/100250?_l=en,105,0,0
1568170992871,98,DisplayLocation,500,Internal Server Error,Thread-Gruppe 1-1,,false,,132,0,1,1,https://stage.timhortonstapp.com/svc/service/location/lookregion/code/100250?_l=en,98,0,0
1568170995462,131,DisplayLocation,500,Internal Server Error,Thread-Gruppe 1-1,,false,,132,0,1,1,https://stage.timhortonstapp.com/svc/service/location/lookregion/code/100250?_l=en,131,0,0
1568170998290,108,DisplayLocation,500,Internal Server Error,Thread-Gruppe 1-1,,false,,132,0,1,1,https://stage.timhortonstapp.com/svc/service/location/lookregion/code/100250?_l=en,108,0,0
1568171000982,99,DisplayLocation,500,Internal Server Error,Thread-Gruppe 1-1,,false,,132,0,1,1,https://stage.timhortonstapp.com/svc/service/location/lookregion/code/100250?_l=en,99,0,0
1568171003623,97,DisplayLocation,500,Internal Server Error,Thread-Gruppe 1-1,,false,,132,0,1,1,https://stage.timhortonstapp.com/svc/service/location/lookregion/code/100250?_l=en,97,0,0
1568171006200,100,DisplayLocation,500,Internal Server Error,Thread-Gruppe 1-1,,false,,132,0,1,1,https://stage.timhortonstapp.com/svc/service/location/lookregion/code/100250?_l=en,100,0,0
1568171008890,96,DisplayLocation,500,Internal Server Error,Thread-Gruppe 1-1,,false,,132,0,1,1,https://stage.timhortonstapp.com/svc/service/location/lookregion/code/100250?_l=en,96,0,0
1568171011566,113,DisplayLocation,500,Internal Server Error,Thread-Gruppe 1-1,,false,,132,0,1,1,https://stage.timhortonstapp.com/svc/service/location/lookregion/code/100250?_l=en,113,0,0
1568171014314,104,DisplayLocation,500,Internal Server Error,Thread-Gruppe 1-1,,false,,132,0,1,1,https://stage.timhortonstapp.com/svc/service/location/lookregion/code/100250?_l=en,104,0,0
1568171017010,100,DisplayLocation,500,Internal Server Error,Thread-Gruppe 1-1,,false,,132,0,1,1,https://stage.timhortonstapp.com/svc/service/location/lookregion/code/100250?_l=en,100,0,0
1568171019654,104,DisplayLocation,500,Internal Server Error,Thread-Gruppe 1-1,,false,,132,0,1,1,https://stage.timhortonstapp.com/svc/service/location/lookregion/code/100250?_l=en,104,0,0
1568171022250,100,DisplayLocation,500,Internal Server Error,Thread-Gruppe 1-1,,false,,132,0,1,1,https://stage.timhortonstapp.com/svc/service/location/lookregion/code/100250?_l=en,100,0,0
1568171024842,97,DisplayLocation,500,Internal Server Error,Thread-Gruppe 1-1,,false,,132,0,1,1,https://stage.timhortonstapp.com/svc/service/location/lookregion/code/100250?_l=en,97,0,0
1568171027482,114,DisplayLocation,500,Internal Server Error,Thread-Gruppe 1-1,,false,,132,0,1,1,https://stage.timhortonstapp.com/svc/service/location/lookregion/code/100250?_l=en,114,0,0
1568171030207,94,DisplayLocation,500,Internal Server Error,Thread-Gruppe 1-1,,false,,132,0,1,1,https://stage.timhortonstapp.com/svc/service/location/lookregion/code/100250?_l=en,94,0,0
1568171033070,95,DisplayLocation,500,Internal Server Error,Thread-Gruppe 1-1,,false,,132,0,1,1,https://stage.timhortonstapp.com/svc/service/location/lookregion/code/100250?_l=en,95,0,0
1568171035882,101,DisplayLocation,500,Internal Server Error,Thread-Gruppe 1-1,,false,,132,0,1,1,https://stage.timhortonstapp.com/svc/service/location/lookregion/code/100250?_l=en,101,0,0
1568171038492,101,DisplayLocation,500,Internal Server Error,Thread-Gruppe 1-1,,false,,132,0,1,1,https://stage.timhortonstapp.com/svc/service/location/lookregion/code/100250?_l=en,101,0,0
1568171041162,103,DisplayLocation,500,Internal Server Error,Thread-Gruppe 1-1,,false,,132,0,1,1,https://stage.timhortonstapp.com/svc/service/location/lookregion/code/100250?_l=en,103,0,0
1568171043819,118,DisplayLocation,500,Internal Server Error,Thread-Gruppe 1-1,,false,,132,0,1,1,https://stage.timhortonstapp.com/svc/service/location/lookregion/code/100250?_l=en,118,0,0
1568171046672,99,DisplayLocation,500,Internal Server Error,Thread-Gruppe 1-1,,false,,132,0,1,1,https://stage.timhortonstapp.com/svc/service/location/lookregion/code/100250?_l=en,99,0,0
1568171049461,100,DisplayLocation,500,Internal Server Error,Thread-Gruppe 1-1,,false,,132,0,1,1,https://stage.timhortonstapp.com/svc/service/location/lookregion/code/100250?_l=en,100,0,0
1568171052104,103,DisplayLocation,500,Internal Server Error,Thread-Gruppe 1-1,,false,,132,0,1,1,https://stage.timhortonstapp.com/svc/service/location/lookregion/code/100250?_l=en,103,0,0
1568171054777,97,DisplayLocation,500,Internal Server Error,Thread-Gruppe 1-1,,false,,132,0,1,1,https://stage.timhortonstapp.com/svc/service/location/lookregion/code/100250?_l=en,97,0,0
1568171057390,140,DisplayLocation,500,Internal Server Error,Thread-Gruppe 1-1,,false,,132,0,1,1,https://stage.timhortonstapp.com/svc/service/location/lookregion/code/100250?_l=en,140,0,0
1568171060729,211,DisplayLocation,500,Internal Server Error,Thread-Gruppe 1-1,,false,,132,0,1,1,https://stage.timhortonstapp.com/svc/service/location/lookregion/code/100250?_l=en,211,0,0
1568171063646,91,DisplayLocation,500,Internal Server Error,Thread-Gruppe 1-1,,false,,132,0,1,1,https://stage.timhortonstapp.com/svc/service/location/lookregion/code/100250?_l=en,91,0,0
1568171066287,112,DisplayLocation,500,Internal Server Error,Thread-Gruppe 1-1,,false,,132,0,1,1,https://stage.timhortonstapp.com/svc/service/location/lookregion/code/100250?_l=en,112,0,0
1568171068983,112,DisplayLocation,500,Internal Server Error,Thread-Gruppe 1-1,,false,,132,0,1,1,https://stage.timhortonstapp.com/svc/service/location/lookregion/code/100250?_l=en,112,0,0
1568171071748,103,DisplayLocation,500,Internal Server Error,Thread-Gruppe 1-1,,false,,132,0,1,1,https://stage.timhortonstapp.com/svc/service/location/lookregion/code/100250?_l=en,103,0,0
1568171074419,124,DisplayLocation,500,Internal Server Error,Thread-Gruppe 1-1,,false,,132,0,1,1,https://stage.timhortonstapp.com/svc/service/location/lookregion/code/100250?_l=en,124,0,0
1568171077119,111,DisplayLocation,500,Internal Server Error,Thread-Gruppe 1-1,,false,,132,0,1,1,https://stage.timhortonstapp.com/svc/service/location/lookregion/code/100250?_l=en,111,0,0
1568171079711,101,DisplayLocation,500,Internal Server Error,Thread-Gruppe 1-1,,false,,132,0,1,1,https://stage.timhortonstapp.com/svc/service/location/lookregion/code/100250?_l=en,101,0,0
1568171082374,102,DisplayLocation,500,Internal Server Error,Thread-Gruppe 1-1,,false,,132,0,1,1,https://stage.timhortonstapp.com/svc/service/location/lookregion/code/100250?_l=en,102,0,0
1568171085078,99,DisplayLocation,500,Internal Server Error,Thread-Gruppe 1-1,,false,,132,0,1,1,https://stage.timhortonstapp.com/svc/service/location/lookregion/code/100250?_l=en,99,0,0
1568171087711,101,DisplayLocation,500,Internal Server Error,Thread-Gruppe 1-1,,false,,132,0,1,1,https://stage.timhortonstapp.com/svc/service/location/lookregion/code/100250?_l=en,101,0,0
1568171090406,114,DisplayLocation,500,Internal Server Error,Thread-Gruppe 1-1,,false,,132,0,1,1,https://stage.timhortonstapp.com/svc/service/location/lookregion/code/100250?_l=en,114,0,0
1568171093188,98,DisplayLocation,500,Internal Server Error,Thread-Gruppe 1-1,,false,,132,0,1,1,https://stage.timhortonstapp.com/svc/service/location/lookregion/code/100250?_l=en,98,0,0
1568171095811,111,DisplayLocation,500,Internal Server Error,Thread-Gruppe 1-1,,false,,132,0,1,1,https://stage.timhortonstapp.com/svc/service/location/lookregion/code/100250?_l=en,111,0,0
1568171098458,112,DisplayLocation,500,Internal Server Error,Thread-Gruppe 1-1,,false,,132,0,1,1,https://stage.timhortonstapp.com/svc/service/location/lookregion/code/100250?_l=en,112,0,0
1568171101232,99,DisplayLocation,500,Internal Server Error,Thread-Gruppe 1-1,,false,,132,0,1,1,https://stage.timhortonstapp.com/svc/service/location/lookregion/code/100250?_l=en,99,0,0
1568171103979,90,DisplayLocation,500,Internal Server Error,Thread-Gruppe 1-1,,false,,132,0,1,1,https://stage.timhortonstapp.com/svc/service/location/lookregion/code/100250?_l=en,90,0,0
1568171106851,102,DisplayLocation,500,Internal Server Error,Thread-Gruppe 1-1,,false,,132,0,1,1,https://stage.timhortonstapp.com/svc/service/location/lookregion/code/100250?_l=en,102,0,0
1568171109547,90,DisplayLocation,500,Internal Server Error,Thread-Gruppe 1-1,,false,,132,0,1,1,https://stage.timhortonstapp.com/svc/service/location/lookregion/code/100250?_l=en,90,0,0
1568171111481,93,setBudgesTHStage,400,Bad Request,Thread-Gruppe 1-1,text,false,,500,0,1,1,https://stage.timhortonstapp.com/svc/service/user/1104687/badge/1305?_d=1&_l=en&_u=1518148,93,0,0
1568171112132,98,DisplayLocation,500,Internal Server Error,Thread-Gruppe 1-1,,false,,132,0,1,1,https://stage.timhortonstapp.com/svc/service/location/lookregion/code/100250?_l=en,98,0,0
1568171114824,88,DisplayLocation,500,Internal Server Error,Thread-Gruppe 1-1,,false,,132,0,1,1,https://stage.timhortonstapp.com/svc/service/location/lookregion/code/100250?_l=en,88,0,0
1568171117600,96,DisplayLocation,500,Internal Server Error,Thread-Gruppe 1-1,,false,,132,0,1,1,https://stage.timhortonstapp.com/svc/service/location/lookregion/code/100250?_l=en,96,0,0
1568171120386,98,DisplayLocation,500,Internal Server Error,Thread-Gruppe 1-1,,false,,132,0,1,1,https://stage.timhortonstapp.com/svc/service/location/lookregion/code/100250?_l=en,98,0,0
1568171123094,101,DisplayLocation,500,Internal Server Error,Thread-Gruppe 1-1,,false,,132,0,1,1,https://stage.timhortonstapp.com/svc/service/location/lookregion/code/100250?_l=en,101,0,0
1568171125729,101,DisplayLocation,500,Internal Server Error,Thread-Gruppe 1-1,,false,,132,0,1,1,https://stage.timhortonstapp.com/svc/service/location/lookregion/code/100250?_l=en,101,0,0
1568171128481,123,DisplayLocation,500,Internal Server Error,Thread-Gruppe 1-1,,false,,132,0,1,1,https://stage.timhortonstapp.com/svc/service/location/lookregion/code/100250?_l=en,123,0,0
1568171131237,108,DisplayLocation,500,Internal Server Error,Thread-Gruppe 1-1,,false,,132,0,1,1,https://stage.timhortonstapp.com/svc/service/location/lookregion/code/100250?_l=en,108,0,0
1568171133930,131,DisplayLocation,500,Internal Server Error,Thread-Gruppe 1-1,,false,,132,0,1,1,https://stage.timhortonstapp.com/svc/service/location/lookregion/code/100250?_l=en,131,0,0
1568171136623,110,DisplayLocation,500,Internal Server Error,Thread-Gruppe 1-1,,false,,132,0,1,1,https://stage.timhortonstapp.com/svc/service/location/lookregion/code/100250?_l=en,110,0,0
1568171139375,126,DisplayLocation,500,Internal Server Error,Thread-Gruppe 1-1,,false,,132,0,1,1,https://stage.timhortonstapp.com/svc/service/location/lookregion/code/100250?_l=en,126,0,0
1568171142186,101,DisplayLocation,500,Internal Server Error,Thread-Gruppe 1-1,,false,,132,0,1,1,https://stage.timhortonstapp.com/svc/service/location/lookregion/code/100250?_l=en,101,0,0
1568171144863,92,DisplayLocation,500,Internal Server Error,Thread-Gruppe 1-1,,false,,132,0,1,1,https://stage.timhortonstapp.com/svc/service/location/lookregion/code/100250?_l=en,92,0,0
1568171147448,93,DisplayLocation,500,Internal Server Error,Thread-Gruppe 1-1,,false,,132,0,1,1,https://stage.timhortonstapp.com/svc/service/location/lookregion/code/100250?_l=en,93,0,0
1568171150067,107,DisplayLocation,500,Internal Server Error,Thread-Gruppe 1-1,,false,,132,0,1,1,https://stage.timhortonstapp.com/svc/service/location/lookregion/code/100250?_l=en,107,0,0
1568171152755,97,DisplayLocation,500,Internal Server Error,Thread-Gruppe 1-1,,false,,132,0,1,1,https://stage.timhortonstapp.com/svc/service/location/lookregion/code/100250?_l=en,97,0,0
1568171155356,102,DisplayLocation,500,Internal Server Error,Thread-Gruppe 1-1,,false,,132,0,1,1,https://stage.timhortonstapp.com/svc/service/location/lookregion/code/100250?_l=en,102,0,0
1568171158025,116,DisplayLocation,500,Internal Server Error,Thread-Gruppe 1-1,,false,,132,0,1,1,https://stage.timhortonstapp.com/svc/service/location/lookregion/code/100250?_l=en,116,0,0
1568171160725,110,DisplayLocation,500,Internal Server Error,Thread-Gruppe 1-1,,false,,132,0,1,1,https://stage.timhortonstapp.com/svc/service/location/lookregion/code/100250?_l=en,110,0,0
1568171163439,108,DisplayLocation,500,Internal Server Error,Thread-Gruppe 1-1,,false,,132,0,1,1,https://stage.timhortonstapp.com/svc/service/location/lookregion/code/100250?_l=en,108,0,0
1568171166240,100,DisplayLocation,500,Internal Server Error,Thread-Gruppe 1-1,,false,,132,0,1,1,https://stage.timhortonstapp.com/svc/service/location/lookregion/code/100250?_l=en,100,0,0
1568171168954,102,DisplayLocation,500,Internal Server Error,Thread-Gruppe 1-1,,false,,132,0,1,1,https://stage.timhortonstapp.com/svc/service/location/lookregion/code/100250?_l=en,102,0,0
1568171171625,107,DisplayLocation,500,Internal Server Error,Thread-Gruppe 1-1,,false,,132,0,1,1,https://stage.timhortonstapp.com/svc/service/location/lookregion/code/100250?_l=en,107,0,0
1568171174258,98,DisplayLocation,500,Internal Server Error,Thread-Gruppe 1-1,,false,,132,0,1,1,https://stage.timhortonstapp.com/svc/service/location/lookregion/code/100250?_l=en,98,0,0
1568171176956,104,DisplayLocation,500,Internal Server Error,Thread-Gruppe 1-1,,false,,132,0,1,1,https://stage.timhortonstapp.com/svc/service/location/lookregion/code/100250?_l=en,104,0,0
1568171179586,109,DisplayLocation,500,Internal Server Error,Thread-Gruppe 1-1,,false,,132,0,1,1,https://stage.timhortonstapp.com/svc/service/location/lookregion/code/100250?_l=en,109,0,0
1568171182306,106,DisplayLocation,500,Internal Server Error,Thread-Gruppe 1-1,,false,,132,0,1,1,https://stage.timhortonstapp.com/svc/service/location/lookregion/code/100250?_l=en,106,0,0
1568171184956,90,DisplayLocation,500,Internal Server Error,Thread-Gruppe 1-1,,false,,132,0,1,1,https://stage.timhortonstapp.com/svc/service/location/lookregion/code/100250?_l=en,90,0,0
1568171187573,98,DisplayLocation,500,Internal Server Error,Thread-Gruppe 1-1,,false,,132,0,1,1,https://stage.timhortonstapp.com/svc/service/location/lookregion/code/100250?_l=en,98,0,0
1568171190208,94,DisplayLocation,500,Internal Server Error,Thread-Gruppe 1-1,,false,,132,0,1,1,https://stage.timhortonstapp.com/svc/service/location/lookregion/code/100250?_l=en,94,0,0
1568171192828,96,DisplayLocation,500,Internal Server Error,Thread-Gruppe 1-1,,false,,132,0,1,1,https://stage.timhortonstapp.com/svc/service/location/lookregion/code/100250?_l=en,96,0,0
1568171195450,101,DisplayLocation,500,Internal Server Error,Thread-Gruppe 1-1,,false,,132,0,1,1,https://stage.timhortonstapp.com/svc/service/location/lookregion/code/100250?_l=en,101,0,0
1568171198093,110,DisplayLocation,500,Internal Server Error,Thread-Gruppe 1-1,,false,,132,0,1,1,https://stage.timhortonstapp.com/svc/service/location/lookregion/code/100250?_l=en,110,0,0
1568171200908,106,DisplayLocation,500,Internal Server Error,Thread-Gruppe 1-1,,false,,132,0,1,1,https://stage.timhortonstapp.com/svc/service/location/lookregion/code/100250?_l=en,106,0,0
1568171203656,114,DisplayLocation,500,Internal Server Error,Thread-Gruppe 1-1,,false,,132,0,1,1,https://stage.timhortonstapp.com/svc/service/location/lookregion/code/100250?_l=en,114,0,0
1568171206458,100,DisplayLocation,500,Internal Server Error,Thread-Gruppe 1-1,,false,,132,0,1,1,https://stage.timhortonstapp.com/svc/service/location/lookregion/code/100250?_l=en,100,0,0
1568171209281,108,DisplayLocation,500,Internal Server Error,Thread-Gruppe 1-1,,false,,132,0,1,1,https://stage.timhortonstapp.com/svc/service/location/lookregion/code/100250?_l=en,108,0,0
1568171212009,98,DisplayLocation,500,Internal Server Error,Thread-Gruppe 1-1,,false,,132,0,1,1,https://stage.timhortonstapp.com/svc/service/location/lookregion/code/100250?_l=en,98,0,0
1568171214625,104,DisplayLocation,500,Internal Server Error,Thread-Gruppe 1-1,,false,,132,0,1,1,https://stage.timhortonstapp.com/svc/service/location/lookregion/code/100250?_l=en,104,0,0
1568171217239,105,DisplayLocation,500,Internal Server Error,Thread-Gruppe 1-1,,false,,132,0,1,1,https://stage.timhortonstapp.com/svc/service/location/lookregion/code/100250?_l=en,105,0,0
1568171219943,112,DisplayLocation,500,Internal Server Error,Thread-Gruppe 1-1,,false,,132,0,1,1,https://stage.timhortonstapp.com/svc/service/location/lookregion/code/100250?_l=en,112,0,0
1568171222627,104,DisplayLocation,500,Internal Server Error,Thread-Gruppe 1-1,,false,,132,0,1,1,https://stage.timhortonstapp.com/svc/service/location/lookregion/code/100250?_l=en,104,0,0
1568171225322,93,DisplayLocation,500,Internal Server Error,Thread-Gruppe 1-1,,false,,132,0,1,1,https://stage.timhortonstapp.com/svc/service/location/lookregion/code/100250?_l=en,93,0,0
1568171228040,106,DisplayLocation,500,Internal Server Error,Thread-Gruppe 1-1,,false,,132,0,1,1,https://stage.timhortonstapp.com/svc/service/location/lookregion/code/100250?_l=en,106,0,0
1568171230851,100,DisplayLocation,500,Internal Server Error,Thread-Gruppe 1-1,,false,,132,0,1,1,https://stage.timhortonstapp.com/svc/service/location/lookregion/code/100250?_l=en,100,0,0
1568171233558,108,DisplayLocation,500,Internal Server Error,Thread-Gruppe 1-1,,false,,132,0,1,1,https://stage.timhortonstapp.com/svc/service/location/lookregion/code/100250?_l=en,108,0,0
1568171236333,96,DisplayLocation,500,Internal Server Error,Thread-Gruppe 1-1,,false,,132,0,1,1,https://stage.timhortonstapp.com/svc/service/location/lookregion/code/100250?_l=en,96,0,0
1568171239000,98,DisplayLocation,500,Internal Server Error,Thread-Gruppe 1-1,,false,,132,0,1,1,https://stage.timhortonstapp.com/svc/service/location/lookregion/code/100250?_l=en,98,0,0
1568171241608,103,DisplayLocation,500,Internal Server Error,Thread-Gruppe 1-1,,false,,132,0,1,1,https://stage.timhortonstapp.com/svc/service/location/lookregion/code/100250?_l=en,103,0,0
1568171244256,117,DisplayLocation,500,Internal Server Error,Thread-Gruppe 1-1,,false,,132,0,1,1,https://stage.timhortonstapp.com/svc/service/location/lookregion/code/100250?_l=en,117,0,0
1568171246883,99,DisplayLocation,500,Internal Server Error,Thread-Gruppe 1-1,,false,,132,0,1,1,https://stage.timhortonstapp.com/svc/service/location/lookregion/code/100250?_l=en,99,0,0
1568171249621,111,DisplayLocation,500,Internal Server Error,Thread-Gruppe 1-1,,false,,132,0,1,1,https://stage.timhortonstapp.com/svc/service/location/lookregion/code/100250?_l=en,111,0,0
1568171252257,102,DisplayLocation,500,Internal Server Error,Thread-Gruppe 1-1,,false,,132,0,1,1,https://stage.timhortonstapp.com/svc/service/location/lookregion/code/100250?_l=en,102,0,0
1568171254954,111,DisplayLocation,500,Internal Server Error,Thread-Gruppe 1-1,,false,,132,0,1,1,https://stage.timhortonstapp.com/svc/service/location/lookregion/code/100250?_l=en,111,0,0
1568171257638,100,DisplayLocation,500,Internal Server Error,Thread-Gruppe 1-1,,false,,132,0,1,1,https://stage.timhortonstapp.com/svc/service/location/lookregion/code/100250?_l=en,100,0,0
1568171260285,99,DisplayLocation,500,Internal Server Error,Thread-Gruppe 1-1,,false,,132,0,1,1,https://stage.timhortonstapp.com/svc/service/location/lookregion/code/100250?_l=en,99,0,0
1568171263160,109,DisplayLocation,500,Internal Server Error,Thread-Gruppe 1-1,,false,,132,0,1,1,https://stage.timhortonstapp.com/svc/service/location/lookregion/code/100250?_l=en,109,0,0
1568171265863,97,DisplayLocation,500,Internal Server Error,Thread-Gruppe 1-1,,false,,132,0,1,1,https://stage.timhortonstapp.com/svc/service/location/lookregion/code/100250?_l=en,97,0,0
1568171268780,104,DisplayLocation,500,Internal Server Error,Thread-Gruppe 1-1,,false,,132,0,1,1,https://stage.timhortonstapp.com/svc/service/location/lookregion/code/100250?_l=en,104,0,0
1568171271418,108,DisplayLocation,500,Internal Server Error,Thread-Gruppe 1-1,,false,,132,0,1,1,https://stage.timhortonstapp.com/svc/service/location/lookregion/code/100250?_l=en,108,0,0
1568171274158,105,DisplayLocation,500,Internal Server Error,Thread-Gruppe 1-1,,false,,132,0,1,1,https://stage.timhortonstapp.com/svc/service/location/lookregion/code/100250?_l=en,105,0,0
1568171276837,106,DisplayLocation,500,Internal Server Error,Thread-Gruppe 1-1,,false,,132,0,1,1,https://stage.timhortonstapp.com/svc/service/location/lookregion/code/100250?_l=en,106,0,0
1568171279503,97,DisplayLocation,500,Internal Server Error,Thread-Gruppe 1-1,,false,,132,0,1,1,https://stage.timhortonstapp.com/svc/service/location/lookregion/code/100250?_l=en,97,0,0
1568171282270,114,DisplayLocation,500,Internal Server Error,Thread-Gruppe 1-1,,false,,132,0,1,1,https://stage.timhortonstapp.com/svc/service/location/lookregion/code/100250?_l=en,114,0,0
1568171285239,106,DisplayLocation,500,Internal Server Error,Thread-Gruppe 1-1,,false,,132,0,1,1,https://stage.timhortonstapp.com/svc/service/location/lookregion/code/100250?_l=en,106,0,0
1568171288084,108,DisplayLocation,500,Internal Server Error,Thread-Gruppe 1-1,,false,,132,0,1,1,https://stage.timhortonstapp.com/svc/service/location/lookregion/code/100250?_l=en,108,0,0
1568171290784,119,DisplayLocation,500,Internal Server Error,Thread-Gruppe 1-1,,false,,132,0,1,1,https://stage.timhortonstapp.com/svc/service/location/lookregion/code/100250?_l=en,119,0,0
1568171293721,119,DisplayLocation,500,Internal Server Error,Thread-Gruppe 1-1,,false,,132,0,1,1,https://stage.timhortonstapp.com/svc/service/location/lookregion/code/100250?_l=en,119,0,0
1568171296433,116,DisplayLocation,500,Internal Server Error,Thread-Gruppe 1-1,,false,,132,0,1,1,https://stage.timhortonstapp.com/svc/service/location/lookregion/code/100250?_l=en,116,0,0
1568171299136,99,DisplayLocation,500,Internal Server Error,Thread-Gruppe 1-1,,false,,132,0,1,1,https://stage.timhortonstapp.com/svc/service/location/lookregion/code/100250?_l=en,99,0,0
1568171301926,115,DisplayLocation,500,Internal Server Error,Thread-Gruppe 1-1,,false,,132,0,1,1,https://stage.timhortonstapp.com/svc/service/location/lookregion/code/100250?_l=en,115,0,0
1568171304582,105,DisplayLocation,500,Internal Server Error,Thread-Gruppe 1-1,,false,,132,0,1,1,https://stage.timhortonstapp.com/svc/service/location/lookregion/code/100250?_l=en,105,0,0
1568171307283,100,DisplayLocation,500,Internal Server Error,Thread-Gruppe 1-1,,false,,132,0,1,1,https://stage.timhortonstapp.com/svc/service/location/lookregion/code/100250?_l=en,100,0,0
1568171309959,106,DisplayLocation,500,Internal Server Error,Thread-Gruppe 1-1,,false,,132,0,1,1,https://stage.timhortonstapp.com/svc/service/location/lookregion/code/100250?_l=en,106,0,0
1568171312608,91,DisplayLocation,500,Internal Server Error,Thread-Gruppe 1-1,,false,,132,0,1,1,https://stage.timhortonstapp.com/svc/service/location/lookregion/code/100250?_l=en,91,0,0
1568171315221,105,DisplayLocation,500,Internal Server Error,Thread-Gruppe 1-1,,false,,132,0,1,1,https://stage.timhortonstapp.com/svc/service/location/lookregion/code/100250?_l=en,105,0,0
1568171317902,99,DisplayLocation,500,Internal Server Error,Thread-Gruppe 1-1,,false,,132,0,1,1,https://stage.timhortonstapp.com/svc/service/location/lookregion/code/100250?_l=en,99,0,0
1568171320558,90,DisplayLocation,500,Internal Server Error,Thread-Gruppe 1-1,,false,,132,0,1,1,https://stage.timhortonstapp.com/svc/service/location/lookregion/code/100250?_l=en,90,0,0
1568171323206,100,DisplayLocation,500,Internal Server Error,Thread-Gruppe 1-1,,false,,132,0,1,1,https://stage.timhortonstapp.com/svc/service/location/lookregion/code/100250?_l=en,100,0,0
1568171325894,116,DisplayLocation,500,Internal Server Error,Thread-Gruppe 1-1,,false,,132,0,1,1,https://stage.timhortonstapp.com/svc/service/location/lookregion/code/100250?_l=en,116,0,0
1568171328583,99,DisplayLocation,500,Internal Server Error,Thread-Gruppe 1-1,,false,,132,0,1,1,https://stage.timhortonstapp.com/svc/service/location/lookregion/code/100250?_l=en,99,0,0
1568171331233,96,DisplayLocation,500,Internal Server Error,Thread-Gruppe 1-1,,false,,132,0,1,1,https://stage.timhortonstapp.com/svc/service/location/lookregion/code/100250?_l=en,96,0,0
1568171333811,95,DisplayLocation,500,Internal Server Error,Thread-Gruppe 1-1,,false,,132,0,1,1,https://stage.timhortonstapp.com/svc/service/location/lookregion/code/100250?_l=en,95,0,0
1568171336456,97,DisplayLocation,500,Internal Server Error,Thread-Gruppe 1-1,,false,,132,0,1,1,https://stage.timhortonstapp.com/svc/service/location/lookregion/code/100250?_l=en,97,0,0
1568171339131,106,DisplayLocation,500,Internal Server Error,Thread-Gruppe 1-1,,false,,132,0,1,1,https://stage.timhortonstapp.com/svc/service/location/lookregion/code/100250?_l=en,106,0,0
1568171339548,294718,SearchUser,Non HTTP response code: javax.net.ssl.SSLException,Non HTTP response message: Socket closed,Thread-Gruppe 1-1,text,false,,6550,0,1,1,https://stage.timhortonstapp.com/svc/service/user?_d=1&_l=en&_u=1518148&page=1&results=20&statusCd=A&username=0325KMuir,0,0,0
1568172213470,0,SearchUser-0,200,OK,Thread-Gruppe 1-1,text,true,,2071,0,0,0,null,0,0,0
